sample_id,split,relation,head_id,head_type,tail_id,tail_type,triple_present_in_frozen_split,head_in_candidate_universe,tail_in_candidate_universe,train_schema_type_compatible,internal_source_context_available,structural_audit_pass
Q001,Train,REQUIRES,P_1717,ProcessStep,T_043,ToolMaterial,TRUE,TRUE,TRUE,TRUE,FALSE,TRUE
Q002,Validation,HAS_FAILURE,C_825,Component,F_855,FailureMode,TRUE,TRUE,TRUE,TRUE,TRUE,TRUE
Q003,Train,REQUIRES,P_725,ProcessStep,T_139,ToolMaterial,TRUE,TRUE,TRUE,TRUE,FALSE,TRUE
Q004,Train,HAS_STEP,PP_081,ProcessPlan,P_306,ProcessStep,TRUE,TRUE,TRUE,TRUE,TRUE,TRUE
Q005,Train,APPLIES_TO,TM_001,TrainModel,C_1288,Component,TRUE,TRUE,TRUE,TRUE,FALSE,TRUE
Q006,Train,LIMITED_BY,F_544,FailureMode,S_817,Standard,TRUE,TRUE,TRUE,TRUE,TRUE,TRUE
Q007,Train,INDICATES,SY_010,Symptom,F_1139,FailureMode,TRUE,TRUE,TRUE,TRUE,TRUE,TRUE
Q008,Test,HAS_DISPOSITION,S_222,Standard,DR_081,DispositionRule,TRUE,TRUE,TRUE,TRUE,TRUE,TRUE
Q009,Train,FIXED_BY,F_2550,FailureMode,PP_702,ProcessPlan,TRUE,TRUE,TRUE,TRUE,TRUE,TRUE
Q010,Train,FIXED_BY,F_027,FailureMode,PP_021,ProcessPlan,TRUE,TRUE,TRUE,TRUE,TRUE,TRUE
Q011,Train,CAUSED_BY,F_065,FailureMode,FC_004,FaultCause,TRUE,TRUE,TRUE,TRUE,TRUE,TRUE
Q012,Train,HAS_SYMPTOM,F_078,FailureMode,SY_006,Symptom,TRUE,TRUE,TRUE,TRUE,TRUE,TRUE
Q013,Train,CAUSED_BY,F_086,FailureMode,FC_005,FaultCause,TRUE,TRUE,TRUE,TRUE,TRUE,TRUE
Q014,Validation,DETECTED_BY,F_1665,FailureMode,PP_361,ProcessPlan,TRUE,TRUE,TRUE,TRUE,TRUE,TRUE
Q015,Train,HAS_DISPOSITION,S_1041,Standard,DR_691,DispositionRule,TRUE,TRUE,TRUE,TRUE,TRUE,TRUE
Q016,Validation,REQUIRES,P_2748,ProcessStep,T_286,ToolMaterial,TRUE,TRUE,TRUE,TRUE,FALSE,TRUE
Q017,Train,HAS_DISPOSITION,S_1580,Standard,DR_1229,DispositionRule,TRUE,TRUE,TRUE,TRUE,TRUE,TRUE
Q018,Train,NEXT_STEP,P_2314,ProcessStep,P_2315,ProcessStep,TRUE,TRUE,TRUE,TRUE,FALSE,TRUE
Q019,Train,NEXT_STEP,P_059,ProcessStep,P_060,ProcessStep,TRUE,TRUE,TRUE,TRUE,FALSE,TRUE
Q020,Train,HAS_FAILURE,C_512,Component,F_586,FailureMode,TRUE,TRUE,TRUE,TRUE,TRUE,TRUE
Q021,Train,DETECTED_BY,F_822,FailureMode,PP_200,ProcessPlan,TRUE,TRUE,TRUE,TRUE,TRUE,TRUE
Q022,Train,APPLIES_UNDER,S_1211,Standard,CR_981,ConditionRule,TRUE,TRUE,TRUE,TRUE,TRUE,TRUE
Q023,Train,FIXED_BY,F_2215,FailureMode,PP_434,ProcessPlan,TRUE,TRUE,TRUE,TRUE,TRUE,TRUE
Q024,Train,HAS_PART,C_1854,Component,C_1859,Component,TRUE,TRUE,TRUE,TRUE,FALSE,TRUE
Q025,Train,LIMITED_BY,F_001,FailureMode,S_007,Standard,TRUE,TRUE,TRUE,TRUE,TRUE,TRUE
Q026,Train,HAS_SYMPTOM,F_1143,FailureMode,SY_010,Symptom,TRUE,TRUE,TRUE,TRUE,TRUE,TRUE
Q027,Train,APPLIES_UNDER,S_892,Standard,CR_521,ConditionRule,TRUE,TRUE,TRUE,TRUE,TRUE,TRUE
Q028,Train,CAUSED_BY,F_071,FailureMode,FC_002,FaultCause,TRUE,TRUE,TRUE,TRUE,TRUE,TRUE
Q029,Train,HAS_SYMPTOM,F_068,FailureMode,SY_001,Symptom,TRUE,TRUE,TRUE,TRUE,TRUE,TRUE
Q030,Test,APPLIES_UNDER,S_088,Standard,CR_035,ConditionRule,TRUE,TRUE,TRUE,TRUE,TRUE,TRUE
Q031,Train,HAS_PART,C_1447,Component,C_1453,Component,TRUE,TRUE,TRUE,TRUE,FALSE,TRUE
Q032,Train,HAS_FAILURE,C_729,Component,F_791,FailureMode,TRUE,TRUE,TRUE,TRUE,TRUE,TRUE
Q033,Test,HAS_SYMPTOM,F_1145,FailureMode,SY_011,Symptom,TRUE,TRUE,TRUE,TRUE,TRUE,TRUE
Q034,Train,HAS_FAILURE,C_400,Component,F_429,FailureMode,TRUE,TRUE,TRUE,TRUE,TRUE,TRUE
Q035,Train,NEXT_STEP,P_2632,ProcessStep,P_2633,ProcessStep,TRUE,TRUE,TRUE,TRUE,FALSE,TRUE
Q036,Train,HAS_DISPOSITION,S_902,Standard,DR_552,DispositionRule,TRUE,TRUE,TRUE,TRUE,TRUE,TRUE
Q037,Train,HAS_FAILURE,C_2018,Component,F_1982,FailureMode,TRUE,TRUE,TRUE,TRUE,TRUE,TRUE
Q038,Validation,LIMITED_BY,F_396,FailureMode,S_693,Standard,TRUE,TRUE,TRUE,TRUE,TRUE,TRUE
Q039,Validation,APPLIES_UNDER,S_070,Standard,CR_025,ConditionRule,TRUE,TRUE,TRUE,TRUE,TRUE,TRUE
Q040,Train,CAUSED_BY,F_063,FailureMode,FC_004,FaultCause,TRUE,TRUE,TRUE,TRUE,TRUE,TRUE
Q041,Train,APPLIES_TO,TM_001,TrainModel,C_001,Component,TRUE,TRUE,TRUE,TRUE,FALSE,TRUE
Q042,Train,APPLIES_UNDER,S_1603,Standard,CR_1373,ConditionRule,TRUE,TRUE,TRUE,TRUE,TRUE,TRUE
Q043,Train,FIXED_BY,F_717,FailureMode,PP_185,ProcessPlan,TRUE,TRUE,TRUE,TRUE,TRUE,TRUE
Q044,Validation,HAS_STEP,PP_454,ProcessPlan,P_2135,ProcessStep,TRUE,TRUE,TRUE,TRUE,TRUE,TRUE
Q045,Train,HAS_PART,C_1279,Component,C_1843,Component,TRUE,TRUE,TRUE,TRUE,FALSE,TRUE
Q046,Train,LIMITED_BY,F_058,FailureMode,S_191,Standard,TRUE,TRUE,TRUE,TRUE,TRUE,TRUE
Q047,Test,INDICATES,SY_007,Symptom,F_085,FailureMode,TRUE,TRUE,TRUE,TRUE,TRUE,TRUE
Q048,Train,NEXT_STEP,P_060,ProcessStep,P_061,ProcessStep,TRUE,TRUE,TRUE,TRUE,FALSE,TRUE
Q049,Train,DETECTED_BY,F_2457,FailureMode,PP_467,ProcessPlan,TRUE,TRUE,TRUE,TRUE,TRUE,TRUE
Q050,Validation,INDICATES,SY_006,Symptom,F_083,FailureMode,TRUE,TRUE,TRUE,TRUE,TRUE,TRUE
Q051,Validation,HAS_SYMPTOM,F_1141,FailureMode,SY_005,Symptom,TRUE,TRUE,TRUE,TRUE,TRUE,TRUE
Q052,Train,HAS_PART,C_1556,Component,C_1557,Component,TRUE,TRUE,TRUE,TRUE,FALSE,TRUE
Q053,Train,HAS_STEP,PP_683,ProcessPlan,P_2603,ProcessStep,TRUE,TRUE,TRUE,TRUE,TRUE,TRUE
Q054,Train,LIMITED_BY,C_2486,Component,S_1689,Standard,TRUE,TRUE,TRUE,TRUE,TRUE,TRUE
Q055,Train,FIXED_BY,F_1722,FailureMode,PP_370,ProcessPlan,TRUE,TRUE,TRUE,TRUE,TRUE,TRUE
Q056,Train,HAS_FAILURE,C_1719,Component,F_1758,FailureMode,TRUE,TRUE,TRUE,TRUE,TRUE,TRUE
Q057,Train,HAS_DISPOSITION,S_1011,Standard,DR_661,DispositionRule,TRUE,TRUE,TRUE,TRUE,TRUE,TRUE
Q058,Train,INDICATES,SY_005,Symptom,F_1141,FailureMode,TRUE,TRUE,TRUE,TRUE,TRUE,TRUE
Q059,Train,LIMITED_BY,C_2472,Component,S_1658,Standard,TRUE,TRUE,TRUE,TRUE,TRUE,TRUE
Q060,Train,APPLIES_UNDER,S_385,Standard,CR_124,ConditionRule,TRUE,TRUE,TRUE,TRUE,TRUE,TRUE
Q061,Validation,HAS_DISPOSITION,S_1488,Standard,DR_1132,DispositionRule,TRUE,TRUE,TRUE,TRUE,TRUE,TRUE
Q062,Validation,FIXED_BY,F_1609,FailureMode,PP_350,ProcessPlan,TRUE,TRUE,TRUE,TRUE,TRUE,TRUE
Q063,Train,APPLIES_UNDER,S_863,Standard,CR_492,ConditionRule,TRUE,TRUE,TRUE,TRUE,TRUE,TRUE
Q064,Train,CAUSED_BY,F_081,FailureMode,FC_006,FaultCause,TRUE,TRUE,TRUE,TRUE,TRUE,TRUE
Q065,Train,CAUSED_BY,F_068,FailureMode,FC_001,FaultCause,TRUE,TRUE,TRUE,TRUE,TRUE,TRUE
Q066,Train,INDICATES,SY_011,Symptom,F_1146,FailureMode,TRUE,TRUE,TRUE,TRUE,TRUE,TRUE
Q067,Train,HAS_STEP,PP_663,ProcessPlan,P_2568,ProcessStep,TRUE,TRUE,TRUE,TRUE,TRUE,TRUE
Q068,Test,HAS_SYMPTOM,F_069,FailureMode,SY_001,Symptom,TRUE,TRUE,TRUE,TRUE,TRUE,TRUE
Q069,Train,DETECTED_BY,F_2438,FailureMode,PP_465,ProcessPlan,TRUE,TRUE,TRUE,TRUE,TRUE,TRUE
Q070,Train,LIMITED_BY,C_2468,Component,S_1651,Standard,TRUE,TRUE,TRUE,TRUE,TRUE,TRUE
Q071,Train,DETECTED_BY,F_417,FailureMode,PP_119,ProcessPlan,TRUE,TRUE,TRUE,TRUE,TRUE,TRUE
Q072,Train,CAUSED_BY,F_074,FailureMode,FC_001,FaultCause,TRUE,TRUE,TRUE,TRUE,TRUE,TRUE
Q073,Train,LIMITED_BY,F_231,FailureMode,S_608,Standard,TRUE,TRUE,TRUE,TRUE,TRUE,TRUE
Q074,Train,HAS_SYMPTOM,F_079,FailureMode,SY_005,Symptom,TRUE,TRUE,TRUE,TRUE,TRUE,TRUE
Q075,Train,APPLIES_UNDER,S_1122,Standard,CR_751,ConditionRule,TRUE,TRUE,TRUE,TRUE,TRUE,TRUE
Q076,Train,APPLIES_UNDER,S_1538,Standard,CR_1308,ConditionRule,TRUE,TRUE,TRUE,TRUE,TRUE,TRUE
Q077,Train,DETECTED_BY,F_142,FailureMode,PP_061,ProcessPlan,TRUE,TRUE,TRUE,TRUE,TRUE,TRUE
Q078,Train,NEXT_STEP,P_2057,ProcessStep,P_2058,ProcessStep,TRUE,TRUE,TRUE,TRUE,FALSE,TRUE
Q079,Train,HAS_STEP,PP_552,ProcessPlan,P_2373,ProcessStep,TRUE,TRUE,TRUE,TRUE,TRUE,TRUE
Q080,Train,APPLIES_TO,TM_004,TrainModel,C_2335,Component,TRUE,TRUE,TRUE,TRUE,FALSE,TRUE
Q081,Train,FIXED_BY,F_257,FailureMode,PP_088,ProcessPlan,TRUE,TRUE,TRUE,TRUE,TRUE,TRUE
Q082,Train,APPLIES_UNDER,S_1399,Standard,CR_1169,ConditionRule,TRUE,TRUE,TRUE,TRUE,TRUE,TRUE
Q083,Train,HAS_SYMPTOM,F_073,FailureMode,SY_001,Symptom,TRUE,TRUE,TRUE,TRUE,TRUE,TRUE
Q084,Train,HAS_PART,C_1579,Component,C_1583,Component,TRUE,TRUE,TRUE,TRUE,FALSE,TRUE
Q085,Train,HAS_STEP,PP_199,ProcessPlan,P_965,ProcessStep,TRUE,TRUE,TRUE,TRUE,TRUE,TRUE
Q086,Train,INDICATES,SY_006,Symptom,F_070,FailureMode,TRUE,TRUE,TRUE,TRUE,TRUE,TRUE
Q087,Train,DETECTED_BY,F_1632,FailureMode,PP_355,ProcessPlan,TRUE,TRUE,TRUE,TRUE,TRUE,TRUE
Q088,Test,APPLIES_TO,TM_002,TrainModel,C_1288,Component,TRUE,TRUE,TRUE,TRUE,FALSE,TRUE
Q089,Validation,REQUIRES,P_612,ProcessStep,T_062,ToolMaterial,TRUE,TRUE,TRUE,TRUE,FALSE,TRUE
Q090,Train,HAS_STEP,PP_164,ProcessPlan,P_750,ProcessStep,TRUE,TRUE,TRUE,TRUE,TRUE,TRUE
Q091,Train,REQUIRES,P_2744,ProcessStep,T_286,ToolMaterial,TRUE,TRUE,TRUE,TRUE,FALSE,TRUE
Q092,Train,INDICATES,SY_001,Symptom,F_073,FailureMode,TRUE,TRUE,TRUE,TRUE,TRUE,TRUE
Q093,Train,HAS_STEP,PP_696,ProcessPlan,P_2723,ProcessStep,TRUE,TRUE,TRUE,TRUE,TRUE,TRUE
Q094,Train,HAS_PART,C_2033,Component,C_2156,Component,TRUE,TRUE,TRUE,TRUE,FALSE,TRUE
Q095,Validation,APPLIES_TO,TM_006,TrainModel,C_001,Component,TRUE,TRUE,TRUE,TRUE,FALSE,TRUE
Q096,Train,HAS_FAILURE,C_236,Component,F_2487,FailureMode,TRUE,TRUE,TRUE,TRUE,TRUE,TRUE
Q097,Train,HAS_STEP,PP_528,ProcessPlan,P_2335,ProcessStep,TRUE,TRUE,TRUE,TRUE,TRUE,TRUE
Q098,Train,REQUIRES,P_546,ProcessStep,T_043,ToolMaterial,TRUE,TRUE,TRUE,TRUE,FALSE,TRUE
Q099,Test,REQUIRES,P_030,ProcessStep,T_005,ToolMaterial,TRUE,TRUE,TRUE,TRUE,FALSE,TRUE
Q100,Train,DETECTED_BY,F_882,FailureMode,PP_209,ProcessPlan,TRUE,TRUE,TRUE,TRUE,TRUE,TRUE
Q101,Test,DETECTED_BY,C_2221,Component,PP_674,ProcessPlan,TRUE,TRUE,TRUE,TRUE,TRUE,TRUE
Q102,Train,NEXT_STEP,P_956,ProcessStep,P_957,ProcessStep,TRUE,TRUE,TRUE,TRUE,FALSE,TRUE
Q103,Train,REQUIRES,P_2691,ProcessStep,T_288,ToolMaterial,TRUE,TRUE,TRUE,TRUE,FALSE,TRUE
Q104,Train,HAS_STEP,PP_051,ProcessPlan,P_161,ProcessStep,TRUE,TRUE,TRUE,TRUE,TRUE,TRUE
Q105,Train,FIXED_BY,F_562,FailureMode,PP_160,ProcessPlan,TRUE,TRUE,TRUE,TRUE,TRUE,TRUE
Q106,Test,FIXED_BY,F_1619,FailureMode,PP_352,ProcessPlan,TRUE,TRUE,TRUE,TRUE,TRUE,TRUE
Q107,Train,HAS_DISPOSITION,S_726,Standard,DR_297,DispositionRule,TRUE,TRUE,TRUE,TRUE,TRUE,TRUE
Q108,Train,HAS_PART,C_1279,Component,C_1880,Component,TRUE,TRUE,TRUE,TRUE,FALSE,TRUE
Q109,Train,HAS_DISPOSITION,S_1664,Standard,DR_1313,DispositionRule,TRUE,TRUE,TRUE,TRUE,TRUE,TRUE
Q110,Test,HAS_STEP,PP_696,ProcessPlan,P_2773,ProcessStep,TRUE,TRUE,TRUE,TRUE,TRUE,TRUE
Q111,Train,INDICATES,SY_001,Symptom,F_068,FailureMode,TRUE,TRUE,TRUE,TRUE,TRUE,TRUE
Q112,Train,NEXT_STEP,P_2167,ProcessStep,P_2168,ProcessStep,TRUE,TRUE,TRUE,TRUE,FALSE,TRUE
Q113,Test,HAS_FAILURE,C_997,Component,F_964,FailureMode,TRUE,TRUE,TRUE,TRUE,TRUE,TRUE
Q114,Train,REQUIRES,P_2722,ProcessStep,T_287,ToolMaterial,TRUE,TRUE,TRUE,TRUE,FALSE,TRUE
Q115,Train,HAS_DISPOSITION,S_605,Standard,DR_262,DispositionRule,TRUE,TRUE,TRUE,TRUE,TRUE,TRUE
Q116,Validation,HAS_SYMPTOM,F_081,FailureMode,SY_007,Symptom,TRUE,TRUE,TRUE,TRUE,TRUE,TRUE
Q117,Train,INDICATES,SY_006,Symptom,F_1139,FailureMode,TRUE,TRUE,TRUE,TRUE,TRUE,TRUE
Q118,Validation,HAS_DISPOSITION,S_227,Standard,DR_081,DispositionRule,TRUE,TRUE,TRUE,TRUE,TRUE,TRUE
Q119,Train,APPLIES_UNDER,S_288,Standard,CR_077,ConditionRule,TRUE,TRUE,TRUE,TRUE,TRUE,TRUE
Q120,Train,REQUIRES,P_310,ProcessStep,T_018,ToolMaterial,TRUE,TRUE,TRUE,TRUE,FALSE,TRUE
Q121,Test,NEXT_STEP,P_967,ProcessStep,P_968,ProcessStep,TRUE,TRUE,TRUE,TRUE,FALSE,TRUE
Q122,Test,HAS_DISPOSITION,S_206,Standard,DR_081,DispositionRule,TRUE,TRUE,TRUE,TRUE,TRUE,TRUE
Q123,Train,LIMITED_BY,F_023,FailureMode,S_100,Standard,TRUE,TRUE,TRUE,TRUE,TRUE,TRUE
Q124,Train,APPLIES_UNDER,S_011,Standard,CR_012,ConditionRule,TRUE,TRUE,TRUE,TRUE,TRUE,TRUE
Q125,Train,CAUSED_BY,F_076,FailureMode,FC_001,FaultCause,TRUE,TRUE,TRUE,TRUE,TRUE,TRUE
Q126,Validation,FIXED_BY,F_2362,FailureMode,PP_458,ProcessPlan,TRUE,TRUE,TRUE,TRUE,TRUE,TRUE
Q127,Train,INDICATES,SY_003,Symptom,F_071,FailureMode,TRUE,TRUE,TRUE,TRUE,TRUE,TRUE
Q128,Test,HAS_PART,C_702,Component,C_712,Component,TRUE,TRUE,TRUE,TRUE,FALSE,TRUE
Q129,Validation,DETECTED_BY,F_526,FailureMode,PP_156,ProcessPlan,TRUE,TRUE,TRUE,TRUE,TRUE,TRUE
Q130,Train,HAS_STEP,PP_453,ProcessPlan,P_2131,ProcessStep,TRUE,TRUE,TRUE,TRUE,TRUE,TRUE
Q131,Train,FIXED_BY,F_1642,FailureMode,PP_356,ProcessPlan,TRUE,TRUE,TRUE,TRUE,TRUE,TRUE
Q132,Train,HAS_SYMPTOM,F_086,FailureMode,SY_005,Symptom,TRUE,TRUE,TRUE,TRUE,TRUE,TRUE
Q133,Train,HAS_PART,C_1922,Component,C_1928,Component,TRUE,TRUE,TRUE,TRUE,FALSE,TRUE
Q134,Train,REQUIRES,P_2748,ProcessStep,T_019,ToolMaterial,TRUE,TRUE,TRUE,TRUE,FALSE,TRUE
Q135,Train,HAS_DISPOSITION,S_357,Standard,DR_146,DispositionRule,TRUE,TRUE,TRUE,TRUE,TRUE,TRUE
Q136,Train,FIXED_BY,F_421,FailureMode,PP_153,ProcessPlan,TRUE,TRUE,TRUE,TRUE,TRUE,TRUE
Q137,Train,HAS_FAILURE,C_001,Component,F_133,FailureMode,TRUE,TRUE,TRUE,TRUE,TRUE,TRUE
Q138,Train,HAS_FAILURE,C_1608,Component,F_1667,FailureMode,TRUE,TRUE,TRUE,TRUE,TRUE,TRUE
Q139,Test,APPLIES_UNDER,S_150,Standard,CR_057,ConditionRule,TRUE,TRUE,TRUE,TRUE,TRUE,TRUE
Q140,Train,DETECTED_BY,F_949,FailureMode,PP_222,ProcessPlan,TRUE,TRUE,TRUE,TRUE,TRUE,TRUE
Q141,Train,NEXT_STEP,P_1077,ProcessStep,P_1078,ProcessStep,TRUE,TRUE,TRUE,TRUE,FALSE,TRUE
Q142,Validation,HAS_PART,C_1279,Component,C_1892,Component,TRUE,TRUE,TRUE,TRUE,FALSE,TRUE
Q143,Train,HAS_STEP,PP_180,ProcessPlan,P_833,ProcessStep,TRUE,TRUE,TRUE,TRUE,TRUE,TRUE
Q144,Train,HAS_DISPOSITION,S_941,Standard,DR_591,DispositionRule,TRUE,TRUE,TRUE,TRUE,TRUE,TRUE
Q145,Validation,APPLIES_TO,TM_002,TrainModel,C_200,Component,TRUE,TRUE,TRUE,TRUE,FALSE,TRUE
Q146,Train,HAS_SYMPTOM,F_067,FailureMode,SY_007,Symptom,TRUE,TRUE,TRUE,TRUE,TRUE,TRUE
Q147,Train,HAS_SYMPTOM,F_077,FailureMode,SY_006,Symptom,TRUE,TRUE,TRUE,TRUE,TRUE,TRUE
Q148,Train,REQUIRES,P_2738,ProcessStep,T_019,ToolMaterial,TRUE,TRUE,TRUE,TRUE,FALSE,TRUE
Q149,Train,APPLIES_UNDER,S_1449,Standard,CR_1219,ConditionRule,TRUE,TRUE,TRUE,TRUE,TRUE,TRUE
Q150,Train,DETECTED_BY,C_2025,Component,PP_420,ProcessPlan,TRUE,TRUE,TRUE,TRUE,TRUE,TRUE
Q151,Train,APPLIES_TO,TM_005,TrainModel,C_1278,Component,TRUE,TRUE,TRUE,TRUE,FALSE,TRUE
Q152,Test,FIXED_BY,F_2258,FailureMode,PP_442,ProcessPlan,TRUE,TRUE,TRUE,TRUE,TRUE,TRUE
Q153,Train,HAS_FAILURE,C_713,Component,F_774,FailureMode,TRUE,TRUE,TRUE,TRUE,TRUE,TRUE
Q154,Train,HAS_SYMPTOM,F_074,FailureMode,SY_001,Symptom,TRUE,TRUE,TRUE,TRUE,TRUE,TRUE
Q155,Test,HAS_STEP,PP_228,ProcessPlan,P_1151,ProcessStep,TRUE,TRUE,TRUE,TRUE,TRUE,TRUE
Q156,Train,HAS_DISPOSITION,S_834,Standard,DR_484,DispositionRule,TRUE,TRUE,TRUE,TRUE,TRUE,TRUE
Q157,Train,LIMITED_BY,F_333,FailureMode,S_725,Standard,TRUE,TRUE,TRUE,TRUE,TRUE,TRUE
Q158,Train,INDICATES,SY_001,Symptom,F_072,FailureMode,TRUE,TRUE,TRUE,TRUE,TRUE,TRUE
Q159,Train,REQUIRES,P_148,ProcessStep,T_043,ToolMaterial,TRUE,TRUE,TRUE,TRUE,FALSE,TRUE
Q160,Train,CAUSED_BY,F_063,FailureMode,FC_003,FaultCause,TRUE,TRUE,TRUE,TRUE,TRUE,TRUE
Q161,Train,INDICATES,SY_007,Symptom,F_066,FailureMode,TRUE,TRUE,TRUE,TRUE,TRUE,TRUE
Q162,Train,HAS_STEP,PP_145,ProcessPlan,P_636,ProcessStep,TRUE,TRUE,TRUE,TRUE,TRUE,TRUE
Q163,Train,HAS_FAILURE,C_1658,Component,F_1692,FailureMode,TRUE,TRUE,TRUE,TRUE,TRUE,TRUE
Q164,Train,DETECTED_BY,F_2487,FailureMode,PP_469,ProcessPlan,TRUE,TRUE,TRUE,TRUE,TRUE,TRUE
Q165,Train,DETECTED_BY,F_881,FailureMode,PP_209,ProcessPlan,TRUE,TRUE,TRUE,TRUE,TRUE,TRUE
Q166,Train,HAS_PART,C_2020,Component,C_2062,Component,TRUE,TRUE,TRUE,TRUE,FALSE,TRUE
Q167,Validation,HAS_PART,C_910,Component,C_915,Component,TRUE,TRUE,TRUE,TRUE,FALSE,TRUE
Q168,Train,NEXT_STEP,P_171,ProcessStep,P_172,ProcessStep,TRUE,TRUE,TRUE,TRUE,FALSE,TRUE
Q169,Train,FIXED_BY,F_1770,FailureMode,PP_374,ProcessPlan,TRUE,TRUE,TRUE,TRUE,TRUE,TRUE
Q170,Train,HAS_SYMPTOM,F_1141,FailureMode,SY_012,Symptom,TRUE,TRUE,TRUE,TRUE,TRUE,TRUE
Q171,Train,NEXT_STEP,P_2486,ProcessStep,P_2487,ProcessStep,TRUE,TRUE,TRUE,TRUE,FALSE,TRUE
Q172,Validation,NEXT_STEP,P_2670,ProcessStep,P_2671,ProcessStep,TRUE,TRUE,TRUE,TRUE,FALSE,TRUE
Q173,Train,DETECTED_BY,F_399,FailureMode,PP_115,ProcessPlan,TRUE,TRUE,TRUE,TRUE,TRUE,TRUE
Q174,Train,HAS_SYMPTOM,F_083,FailureMode,SY_006,Symptom,TRUE,TRUE,TRUE,TRUE,TRUE,TRUE
Q175,Train,HAS_FAILURE,C_059,Component,F_020,FailureMode,TRUE,TRUE,TRUE,TRUE,TRUE,TRUE
Q176,Train,HAS_PART,C_868,Component,C_909,Component,TRUE,TRUE,TRUE,TRUE,FALSE,TRUE
Q177,Validation,APPLIES_UNDER,S_069,Standard,CR_025,ConditionRule,TRUE,TRUE,TRUE,TRUE,TRUE,TRUE
Q178,Train,REQUIRES,P_2731,ProcessStep,T_287,ToolMaterial,TRUE,TRUE,TRUE,TRUE,FALSE,TRUE
Q179,Train,LIMITED_BY,F_2230,FailureMode,S_1369,Standard,TRUE,TRUE,TRUE,TRUE,TRUE,TRUE
Q180,Train,HAS_PART,C_830,Component,C_837,Component,TRUE,TRUE,TRUE,TRUE,FALSE,TRUE
Q181,Test,LIMITED_BY,F_2156,FailureMode,S_1344,Standard,TRUE,TRUE,TRUE,TRUE,TRUE,TRUE
Q182,Train,REQUIRES,P_434,ProcessStep,T_034,ToolMaterial,TRUE,TRUE,TRUE,TRUE,FALSE,TRUE
Q183,Train,HAS_PART,C_455,Component,C_548,Component,TRUE,TRUE,TRUE,TRUE,FALSE,TRUE
Q184,Train,HAS_DISPOSITION,S_1156,Standard,DR_802,DispositionRule,TRUE,TRUE,TRUE,TRUE,TRUE,TRUE
Q185,Train,APPLIES_TO,TM_003,TrainModel,C_200,Component,TRUE,TRUE,TRUE,TRUE,FALSE,TRUE
Q186,Train,HAS_STEP,PP_042,ProcessPlan,P_122,ProcessStep,TRUE,TRUE,TRUE,TRUE,TRUE,TRUE
Q187,Train,CAUSED_BY,F_077,FailureMode,FC_006,FaultCause,TRUE,TRUE,TRUE,TRUE,TRUE,TRUE
Q188,Train,DETECTED_BY,C_240,Component,PP_701,ProcessPlan,TRUE,TRUE,TRUE,TRUE,TRUE,TRUE
Q189,Test,APPLIES_TO,TM_006,TrainModel,C_1445,Component,TRUE,TRUE,TRUE,TRUE,FALSE,TRUE
Q190,Train,CAUSED_BY,F_064,FailureMode,FC_002,FaultCause,TRUE,TRUE,TRUE,TRUE,TRUE,TRUE
Q191,Train,CAUSED_BY,F_079,FailureMode,FC_006,FaultCause,TRUE,TRUE,TRUE,TRUE,TRUE,TRUE
Q192,Train,HAS_SYMPTOM,F_082,FailureMode,SY_008,Symptom,TRUE,TRUE,TRUE,TRUE,TRUE,TRUE
Q193,Train,HAS_FAILURE,C_477,Component,F_546,FailureMode,TRUE,TRUE,TRUE,TRUE,TRUE,TRUE
Q194,Train,LIMITED_BY,F_2436,FailureMode,S_1475,Standard,TRUE,TRUE,TRUE,TRUE,TRUE,TRUE
Q195,Test,CAUSED_BY,F_069,FailureMode,FC_001,FaultCause,TRUE,TRUE,TRUE,TRUE,TRUE,TRUE
Q196,Test,HAS_FAILURE,C_068,Component,F_032,FailureMode,TRUE,TRUE,TRUE,TRUE,TRUE,TRUE
Q197,Train,FIXED_BY,F_2456,FailureMode,DR_1139,DispositionRule,TRUE,TRUE,TRUE,TRUE,TRUE,TRUE
Q198,Train,INDICATES,SY_008,Symptom,F_084,FailureMode,TRUE,TRUE,TRUE,TRUE,TRUE,TRUE
Q199,Train,DETECTED_BY,F_880,FailureMode,PP_209,ProcessPlan,TRUE,TRUE,TRUE,TRUE,TRUE,TRUE
Q200,Train,CAUSED_BY,F_075,FailureMode,FC_001,FaultCause,TRUE,TRUE,TRUE,TRUE,TRUE,TRUE
Q201,Train,DETECTED_BY,F_1740,FailureMode,PP_371,ProcessPlan,TRUE,TRUE,TRUE,TRUE,TRUE,TRUE
Q202,Train,APPLIES_TO,TM_006,TrainModel,C_454,Component,TRUE,TRUE,TRUE,TRUE,FALSE,TRUE
Q203,Train,APPLIES_UNDER,S_1138,Standard,CR_906,ConditionRule,TRUE,TRUE,TRUE,TRUE,TRUE,TRUE
Q204,Train,CAUSED_BY,F_080,FailureMode,FC_002,FaultCause,TRUE,TRUE,TRUE,TRUE,TRUE,TRUE
Q205,Train,INDICATES,SY_011,Symptom,F_1145,FailureMode,TRUE,TRUE,TRUE,TRUE,TRUE,TRUE
Q206,Train,HAS_SYMPTOM,F_080,FailureMode,SY_003,Symptom,TRUE,TRUE,TRUE,TRUE,TRUE,TRUE
Q207,Test,CAUSED_BY,F_070,FailureMode,FC_006,FaultCause,TRUE,TRUE,TRUE,TRUE,TRUE,TRUE
Q208,Train,APPLIES_TO,TM_002,TrainModel,C_454,Component,TRUE,TRUE,TRUE,TRUE,FALSE,TRUE
Q209,Train,INDICATES,SY_002,Symptom,F_068,FailureMode,TRUE,TRUE,TRUE,TRUE,TRUE,TRUE
Q210,Train,DETECTED_BY,F_386,FailureMode,PP_113,ProcessPlan,TRUE,TRUE,TRUE,TRUE,TRUE,TRUE
Q211,Train,APPLIES_UNDER,S_1238,Standard,CR_1008,ConditionRule,TRUE,TRUE,TRUE,TRUE,TRUE,TRUE
Q212,Train,HAS_STEP,PP_349,ProcessPlan,P_1696,ProcessStep,TRUE,TRUE,TRUE,TRUE,TRUE,TRUE
Q213,Train,NEXT_STEP,P_1145,ProcessStep,P_1146,ProcessStep,TRUE,TRUE,TRUE,TRUE,FALSE,TRUE
Q214,Train,HAS_PART,C_249,Component,C_258,Component,TRUE,TRUE,TRUE,TRUE,FALSE,TRUE
Q215,Train,REQUIRES,P_2723,ProcessStep,T_288,ToolMaterial,TRUE,TRUE,TRUE,TRUE,FALSE,TRUE
Q216,Test,INDICATES,SY_010,Symptom,F_1143,FailureMode,TRUE,TRUE,TRUE,TRUE,TRUE,TRUE
Q217,Train,APPLIES_UNDER,S_1199,Standard,CR_967,ConditionRule,TRUE,TRUE,TRUE,TRUE,TRUE,TRUE
Q218,Validation,LIMITED_BY,F_2503,FailureMode,S_1527,Standard,TRUE,TRUE,TRUE,TRUE,TRUE,TRUE
Q219,Train,REQUIRES,P_118,ProcessStep,T_015,ToolMaterial,TRUE,TRUE,TRUE,TRUE,FALSE,TRUE
Q220,Train,HAS_PART,C_1635,Component,C_1638,Component,TRUE,TRUE,TRUE,TRUE,FALSE,TRUE
Q221,Train,CAUSED_BY,F_085,FailureMode,FC_002,FaultCause,TRUE,TRUE,TRUE,TRUE,TRUE,TRUE
Q222,Train,FIXED_BY,F_321,FailureMode,PP_096,ProcessPlan,TRUE,TRUE,TRUE,TRUE,TRUE,TRUE
Q223,Train,LIMITED_BY,F_117,FailureMode,S_007,Standard,TRUE,TRUE,TRUE,TRUE,TRUE,TRUE
Q224,Train,REQUIRES,P_1807,ProcessStep,T_210,ToolMaterial,TRUE,TRUE,TRUE,TRUE,FALSE,TRUE
Q225,Train,LIMITED_BY,F_129,FailureMode,S_431,Standard,TRUE,TRUE,TRUE,TRUE,TRUE,TRUE
Q226,Train,HAS_FAILURE,C_049,Component,F_012,FailureMode,TRUE,TRUE,TRUE,TRUE,TRUE,TRUE
Q227,Validation,CAUSED_BY,F_083,FailureMode,FC_005,FaultCause,TRUE,TRUE,TRUE,TRUE,TRUE,TRUE
Q228,Train,NEXT_STEP,P_2572,ProcessStep,P_2573,ProcessStep,TRUE,TRUE,TRUE,TRUE,FALSE,TRUE
Q229,Train,HAS_STEP,PP_696,ProcessPlan,P_2751,ProcessStep,TRUE,TRUE,TRUE,TRUE,TRUE,TRUE
Q230,Train,APPLIES_TO,TM_002,TrainModel,C_1445,Component,TRUE,TRUE,TRUE,TRUE,FALSE,TRUE
Q231,Train,HAS_DISPOSITION,S_701,Standard,DR_373,DispositionRule,TRUE,TRUE,TRUE,TRUE,TRUE,TRUE
Q232,Train,INDICATES,SY_001,Symptom,F_1146,FailureMode,TRUE,TRUE,TRUE,TRUE,TRUE,TRUE
Q233,Train,HAS_STEP,PP_136,ProcessPlan,P_590,ProcessStep,TRUE,TRUE,TRUE,TRUE,TRUE,TRUE
Q234,Test,NEXT_STEP,P_2173,ProcessStep,P_2174,ProcessStep,TRUE,TRUE,TRUE,TRUE,FALSE,TRUE
Q235,Train,HAS_SYMPTOM,F_071,FailureMode,SY_003,Symptom,TRUE,TRUE,TRUE,TRUE,TRUE,TRUE
Q236,Test,DETECTED_BY,C_609,Component,PP_598,ProcessPlan,TRUE,TRUE,TRUE,TRUE,TRUE,TRUE
Q237,Train,HAS_DISPOSITION,S_399,Standard,DR_184,DispositionRule,TRUE,TRUE,TRUE,TRUE,TRUE,TRUE
Q238,Train,HAS_PART,C_420,Component,C_425,Component,TRUE,TRUE,TRUE,TRUE,FALSE,TRUE
Q239,Test,REQUIRES,P_850,ProcessStep,T_172,ToolMaterial,TRUE,TRUE,TRUE,TRUE,FALSE,TRUE
Q240,Train,APPLIES_TO,TM_006,TrainModel,C_200,Component,TRUE,TRUE,TRUE,TRUE,FALSE,TRUE
Q241,Validation,HAS_STEP,PP_467,ProcessPlan,P_2211,ProcessStep,TRUE,TRUE,TRUE,TRUE,TRUE,TRUE
Q242,Train,LIMITED_BY,F_603,FailureMode,S_847,Standard,TRUE,TRUE,TRUE,TRUE,TRUE,TRUE
Q243,Train,APPLIES_TO,TM_005,TrainModel,C_1288,Component,TRUE,TRUE,TRUE,TRUE,FALSE,TRUE
Q244,Train,APPLIES_TO,TM_001,TrainModel,C_2335,Component,TRUE,TRUE,TRUE,TRUE,FALSE,TRUE
Q245,Train,APPLIES_TO,TM_006,TrainModel,C_1278,Component,TRUE,TRUE,TRUE,TRUE,FALSE,TRUE
Q246,Train,HAS_PART,C_1989,Component,C_2033,Component,TRUE,TRUE,TRUE,TRUE,FALSE,TRUE
Q247,Train,FIXED_BY,F_616,FailureMode,PP_170,ProcessPlan,TRUE,TRUE,TRUE,TRUE,TRUE,TRUE
Q248,Train,NEXT_STEP,P_1895,ProcessStep,P_1896,ProcessStep,TRUE,TRUE,TRUE,TRUE,FALSE,TRUE
Q249,Train,APPLIES_TO,TM_005,TrainModel,C_454,Component,TRUE,TRUE,TRUE,TRUE,FALSE,TRUE
Q250,Train,NEXT_STEP,P_1051,ProcessStep,P_1052,ProcessStep,TRUE,TRUE,TRUE,TRUE,FALSE,TRUE
Q251,Train,HAS_FAILURE,C_2350,Component,F_2368,FailureMode,TRUE,TRUE,TRUE,TRUE,TRUE,TRUE
Q252,Train,APPLIES_TO,TM_001,TrainModel,C_1445,Component,TRUE,TRUE,TRUE,TRUE,FALSE,TRUE
Q253,Train,HAS_DISPOSITION,S_1008,Standard,DR_658,DispositionRule,TRUE,TRUE,TRUE,TRUE,TRUE,TRUE
Q254,Test,LIMITED_BY,F_2334,FailureMode,S_1401,Standard,TRUE,TRUE,TRUE,TRUE,TRUE,TRUE
Q255,Train,FIXED_BY,F_336,FailureMode,PP_099,ProcessPlan,TRUE,TRUE,TRUE,TRUE,TRUE,TRUE
Q256,Train,LIMITED_BY,C_2484,Component,S_1686,Standard,TRUE,TRUE,TRUE,TRUE,TRUE,TRUE
Q257,Train,HAS_DISPOSITION,S_1621,Standard,DR_1270,DispositionRule,TRUE,TRUE,TRUE,TRUE,TRUE,TRUE
Q258,Train,APPLIES_TO,TM_003,TrainModel,C_1278,Component,TRUE,TRUE,TRUE,TRUE,FALSE,TRUE
Q259,Train,LIMITED_BY,F_2444,FailureMode,S_1483,Standard,TRUE,TRUE,TRUE,TRUE,TRUE,TRUE
Q260,Train,NEXT_STEP,P_2757,ProcessStep,P_2758,ProcessStep,TRUE,TRUE,TRUE,TRUE,FALSE,TRUE
Q261,Train,FIXED_BY,F_650,FailureMode,PP_176,ProcessPlan,TRUE,TRUE,TRUE,TRUE,TRUE,TRUE
Q262,Train,CAUSED_BY,F_078,FailureMode,FC_002,FaultCause,TRUE,TRUE,TRUE,TRUE,TRUE,TRUE
Q263,Train,HAS_DISPOSITION,S_1563,Standard,DR_1207,DispositionRule,TRUE,TRUE,TRUE,TRUE,TRUE,TRUE
Q264,Validation,HAS_FAILURE,C_415,Component,F_459,FailureMode,TRUE,TRUE,TRUE,TRUE,TRUE,TRUE
Q265,Train,INDICATES,SY_001,Symptom,F_075,FailureMode,TRUE,TRUE,TRUE,TRUE,TRUE,TRUE
Q266,Train,INDICATES,SY_012,Symptom,F_1141,FailureMode,TRUE,TRUE,TRUE,TRUE,TRUE,TRUE
Q267,Train,HAS_SYMPTOM,F_1139,FailureMode,SY_006,Symptom,TRUE,TRUE,TRUE,TRUE,TRUE,TRUE
Q268,Validation,INDICATES,SY_001,Symptom,F_076,FailureMode,TRUE,TRUE,TRUE,TRUE,TRUE,TRUE
Q269,Train,APPLIES_TO,TM_004,TrainModel,C_1445,Component,TRUE,TRUE,TRUE,TRUE,FALSE,TRUE
Q270,Train,NEXT_STEP,P_803,ProcessStep,P_804,ProcessStep,TRUE,TRUE,TRUE,TRUE,FALSE,TRUE
Q271,Train,REQUIRES,P_029,ProcessStep,T_004,ToolMaterial,TRUE,TRUE,TRUE,TRUE,FALSE,TRUE
Q272,Train,HAS_FAILURE,C_851,Component,F_870,FailureMode,TRUE,TRUE,TRUE,TRUE,TRUE,TRUE
Q273,Validation,NEXT_STEP,P_529,ProcessStep,P_530,ProcessStep,TRUE,TRUE,TRUE,TRUE,FALSE,TRUE
Q274,Train,HAS_SYMPTOM,F_063,FailureMode,SY_008,Symptom,TRUE,TRUE,TRUE,TRUE,TRUE,TRUE
Q275,Train,APPLIES_UNDER,S_598,Standard,CR_216,ConditionRule,TRUE,TRUE,TRUE,TRUE,TRUE,TRUE
Q276,Train,HAS_FAILURE,C_433,Component,F_482,FailureMode,TRUE,TRUE,TRUE,TRUE,TRUE,TRUE
Q277,Train,APPLIES_UNDER,S_1523,Standard,CR_1293,ConditionRule,TRUE,TRUE,TRUE,TRUE,TRUE,TRUE
Q278,Test,HAS_PART,C_1854,Component,C_1865,Component,TRUE,TRUE,TRUE,TRUE,FALSE,TRUE
Q279,Train,FIXED_BY,F_1853,FailureMode,PP_270,ProcessPlan,TRUE,TRUE,TRUE,TRUE,TRUE,TRUE
Q280,Validation,CAUSED_BY,F_072,FailureMode,FC_001,FaultCause,TRUE,TRUE,TRUE,TRUE,TRUE,TRUE
