relation,functional_group,triples
APPLIES_TO,diagnostic_semantic,58
HAS_PART,procedural_structural,2205
HAS_FAILURE,diagnostic_semantic,2154
HAS_SYMPTOM,diagnostic_semantic,38
INDICATES,diagnostic_semantic,38
CAUSED_BY,diagnostic_semantic,25
LIMITED_BY,diagnostic_semantic,1679
APPLIES_UNDER,diagnostic_semantic,1299
HAS_DISPOSITION,diagnostic_semantic,1491
FIXED_BY,diagnostic_semantic,1524
DETECTED_BY,diagnostic_semantic,1921
HAS_STEP,procedural_structural,2347
NEXT_STEP,procedural_structural,1713
REQUIRES,procedural_structural,938
EVIDENCED_BY,provenance_document,5293
HAS_CHUNK,provenance_document,18
HAS_SUBCHUNK,provenance_document,2027
