dataset,model,space,n_seeds,mrr_mean,mrr_std_sample,mr_mean,mr_std_sample,amri_mean,amri_std_sample,hits_at_1_mean,hits_at_1_std_sample,hits_at_3_mean,hits_at_3_std_sample,hits_at_10_mean,hits_at_10_std_sample,candidate_n_ranks,candidate_mean,candidate_median,candidate_min,candidate_max
ownkg,D0,full,5,0.5523390236028662,0.0027297214585163786,252.64811507936506,9.927925451417636,0.9632302253941857,0.0014506271228648835,0.47192460317460316,0.00244518998886234,0.5928571428571429,0.005649102570439637,0.7264880952380952,0.003226113599505762,2016,13693.0,13693.0,13693,13693
ownkg,D0,modeled_entities,5,0.5523390236813103,0.0027297215049179807,252.64186507936506,9.928831944974316,0.9567914102369462,0.0017048467916949558,0.47192460317460316,0.00244518998886234,0.5928571428571429,0.005649102570439637,0.7264880952380952,0.003226113599505762,2016,11653.0,11653.0,11653,11653
ownkg,D0,type_constrained,5,0.5526906172574204,0.0026968383627330663,170.077876984127,2.065664754936552,0.8353513831534904,0.0020115514272799587,0.4722222222222222,0.0023528851638157503,0.5931547619047619,0.005810139073153282,0.7271825396825397,0.0032715540571113273,2016,2059.032242063492,2258.0,6,4345
ownkg,D1,full,5,0.5546696412734564,0.0033113571873629316,227.22123015873018,5.273829028313701,0.9669454959304457,0.0007705899351542549,0.47023809523809523,0.004573186734768281,0.6001984126984127,0.0016821254918465388,0.7343253968253969,0.003570050439572771,2016,13693.0,13693.0,13693,13693
ownkg,D1,modeled_entities,5,0.5546696412859593,0.0033113572044022573,227.22033730158728,5.274237686635377,0.961156456428897,0.0009056218544668262,0.47023809523809523,0.004573186734768281,0.6001984126984127,0.0016821254918465388,0.7343253968253969,0.003570050439572771,2016,11653.0,11653.0,11653,11653
ownkg,D1,type_constrained,5,0.55508637282715,0.0034262026955850754,163.05887896825396,2.0227347658899912,0.8421865075090581,0.001969746056619819,0.47023809523809523,0.004573186734768281,0.6008928571428571,0.0018089863619851591,0.7359126984126985,0.0034828352542742315,2016,2059.032242063492,2258.0,6,4345
ownkg,A0,full,5,0.5557925211341068,0.0030640246407369694,205.4503968253968,4.8660710272205465,0.97012655943412,0.0007110100341119476,0.47609126984126987,0.004301484799341043,0.5950396825396825,0.002567892679671575,0.7263888888888889,0.00380362887156364,2016,13693.0,13693.0,13693,13693
ownkg,A0,modeled_entities,5,0.55579252129404,0.003064024612783788,205.44315476190476,4.861580659037201,0.9648957441911122,0.0008347658853588754,0.47609126984126987,0.004301484799341043,0.5950396825396825,0.002567892679671575,0.7263888888888889,0.00380362887156364,2016,11653.0,11653.0,11653,11653
ownkg,A0,type_constrained,5,0.5560763280767803,0.003070026265003363,155.2124007936508,1.586047076798709,0.8498274348829336,0.0015444980863632948,0.47619047619047616,0.0043667700549749645,0.5953373015873016,0.002634110723680894,0.7271825396825397,0.0037119616932281036,2016,2059.032242063492,2258.0,6,4345
ownkg,D2,full,5,0.5568176992549247,0.0029628774004030046,191.20649801587302,5.113029758766659,0.9722078186105261,0.000747094615524475,0.4742063492063492,0.004546206046583188,0.600297619047619,0.003353262654991173,0.7343253968253969,0.001940238811072268,2016,13693.0,13693.0,13693,13693
ownkg,D2,modeled_entities,5,0.5568176992695515,0.0029628773998167327,191.2059027777778,5.112515266592493,0.9673403754933853,0.0008778530342789914,0.4742063492063492,0.004546206046583188,0.600297619047619,0.003353262654991173,0.7343253968253969,0.001940238811072268,2016,11653.0,11653.0,11653,11653
ownkg,D2,type_constrained,5,0.5575590073706358,0.002851522020659836,148.39280753968254,4.40128601177465,0.8564683781970436,0.004285987422545044,0.47430555555555554,0.004400447443693839,0.6014880952380952,0.0031096087338606,0.7367063492063493,0.0014630834527532316,2016,2059.032242063492,2258.0,6,4345
