seed,stage,transh_mean,rotate_mean,raw_mean_ratio_h_over_r,weighted_transh_mean,weighted_rotate_mean,weighted_mean_ratio_h_over_r,transh_fused_share,rotate_fused_share,abs_cos_d_w_mean,abs_cos_d_w_max
42,before_training,1.3698035170230922,1.9949059612805353,0.6866506934165955,0.9685973396858919,1.4106116268868725,0.6866505742073059,0.40713468194007874,0.5928654074668884,0.06160009197671624,0.1650933027267456
42,after_training,6.547306846816192,4.703986367360274,1.391863465309143,6.290915402595777,1.2324939378167108,5.1042160987854,0.8253741264343262,0.17462587356567383,0.005655169834961484,0.08222797513008118
43,before_training,1.3251231465750808,1.9966692814623754,0.6636667251586914,0.937003547124513,1.4118584833957986,0.6636667251586914,0.39877989888191223,0.6012200713157654,0.06653400776250397,0.17970752716064453
43,after_training,6.5625024034435855,4.735075783128486,1.3859338760375977,6.299165269900834,1.2588831718874463,5.003772258758545,0.8230873346328735,0.17691263556480408,0.012644749465968797,0.13848620653152466
44,before_training,1.3223192645726047,1.9979670757817325,0.6618324518203735,0.9350209024072993,1.4127761630047893,0.6618322730064392,0.39812639355659485,0.6018736362457275,0.048174420008709765,0.1995135098695755
44,after_training,6.569191925353172,4.713968760002593,1.3935586214065552,6.31854824386574,1.2234571302573616,5.16450309753418,0.8273084163665771,0.17269156873226166,0.009409432663554018,0.0953359603881836
45,before_training,1.3559224659907452,1.9977368124649002,0.6787292957305908,0.9587819530777227,1.412613342254911,0.6787291765213013,0.404297411441803,0.5957025289535522,0.055064494694199634,0.17048431932926178
45,after_training,6.506158273212973,4.734760005444259,1.3741261959075928,6.2550120054789415,1.2328901771599994,5.073453903198242,0.8252009749412537,0.17479901015758514,0.010105007055779639,0.13399609923362732
46,before_training,1.3269927724974362,1.9994852860689871,0.6636672019958496,0.9383255724155513,1.4138496988946785,0.6636670827865601,0.3988787531852722,0.6011213064193726,0.06044139880139161,0.19639472663402557
46,after_training,6.55557648183333,4.756193322759967,1.378324270248413,6.297826937806854,1.2498086379883429,5.03903341293335,0.8243932127952576,0.17560677230358124,0.0099234425270237,0.12017638981342316
