model,repeat,execution_order,seed,gamma,delta,warmup_steps,measured_steps,measured_train_seconds,ms_per_update,positive_instances_per_second,eval_seconds,eval_queries,eval_queries_per_second,actual_optimizer_steps,exposure,train_seconds,parameter_counts,loss_audit,last_epoch_loss,gpu_peak_allocated_bytes,gpu_peak_reserved_bytes,reciprocal,implementation,runtime
D0,0,0,42,3.0,,20,200,9.16102849994786,45.805142499739304,22355.568482421553,0.11356740002520382,64,563.5420022453326,220,"{'requested_negatives': 14417920, 'accepted_negatives': 14417920, 'sampled_batches': 220, 'num_negatives_per_positive': 64, 'actual_positive_instances': 225280, 'all_negatives_accepted': True}",10.256827599951066,"{'tensor_elements': 8229402, 'trainable_tensor_elements': 8229402, 'real_scalar_parameters': 8229402, 'trainable_real_scalar_parameters': 8229402}","{'loss_class': 'NSSALoss', 'expected_margin_gamma': 3.0, 'actual_runtime_margin_gamma': 3.0, 'pass': True}",0.4161378175020218,1174227968,1430257664,False,throtate_repro.model.THRotatE,"{'python': '3.10.18', 'torch': '2.9.0.dev20250810+cu128', 'pykeen': '1.11.1', 'numpy': '1.26.4', 'device': 'cuda', 'device_name': 'NVIDIA GeForce RTX 5070 Laptop GPU', 'cuda': '12.8', 'threads': 4, 'platform': 'Windows-10-10.0.26100-SP0'}"
D2,0,1,42,3.0,0.15,20,200,8.875559599953704,44.37779799976852,23074.601403281464,0.1359830000437796,64,470.6470660258654,220,"{'requested_negatives': 14417920, 'accepted_negatives': 14417920, 'sampled_batches': 220, 'num_negatives_per_positive': 64, 'actual_positive_instances': 225280, 'all_negatives_accepted': True}",9.916032699984498,"{'tensor_elements': 8243386, 'trainable_tensor_elements': 8243012, 'real_scalar_parameters': 8243386, 'trainable_real_scalar_parameters': 8243012}","{'loss_class': 'NSSALoss', 'expected_margin_gamma': 3.0, 'actual_runtime_margin_gamma': 3.0, 'pass': True}",0.48318336308002474,1174461952,1451229184,True,throtate_repro.bounded_adaptive_v26.BoundedAdaptiveTHRotatE,"{'python': '3.10.18', 'torch': '2.9.0.dev20250810+cu128', 'pykeen': '1.11.1', 'numpy': '1.26.4', 'device': 'cuda', 'device_name': 'NVIDIA GeForce RTX 5070 Laptop GPU', 'cuda': '12.8', 'threads': 4, 'platform': 'Windows-10-10.0.26100-SP0'}"
D1,0,2,42,3.0,,20,200,8.55154879996553,42.75774399982765,23948.878126126754,0.1292951999930665,64,494.99130674171994,220,"{'requested_negatives': 14417920, 'accepted_negatives': 14417920, 'sampled_batches': 220, 'num_negatives_per_positive': 64, 'actual_positive_instances': 225280, 'all_negatives_accepted': True}",9.574148599989712,"{'tensor_elements': 8243002, 'trainable_tensor_elements': 8243002, 'real_scalar_parameters': 8243002, 'trainable_real_scalar_parameters': 8243002}","{'loss_class': 'NSSALoss', 'expected_margin_gamma': 3.0, 'actual_runtime_margin_gamma': 3.0, 'pass': True}",0.4850079894065857,1174392320,1451229184,True,throtate_repro.model.THRotatE,"{'python': '3.10.18', 'torch': '2.9.0.dev20250810+cu128', 'pykeen': '1.11.1', 'numpy': '1.26.4', 'device': 'cuda', 'device_name': 'NVIDIA GeForce RTX 5070 Laptop GPU', 'cuda': '12.8', 'threads': 4, 'platform': 'Windows-10-10.0.26100-SP0'}"
D1,1,0,42,3.0,,20,200,8.602522299974225,43.01261149987113,23806.971125272597,0.10017700004391372,64,638.8692012332659,220,"{'requested_negatives': 14417920, 'accepted_negatives': 14417920, 'sampled_batches': 220, 'num_negatives_per_positive': 64, 'actual_positive_instances': 225280, 'all_negatives_accepted': True}",9.633676499943249,"{'tensor_elements': 8243002, 'trainable_tensor_elements': 8243002, 'real_scalar_parameters': 8243002, 'trainable_real_scalar_parameters': 8243002}","{'loss_class': 'NSSALoss', 'expected_margin_gamma': 3.0, 'actual_runtime_margin_gamma': 3.0, 'pass': True}",0.4850079894065857,1174392320,1451229184,True,throtate_repro.model.THRotatE,"{'python': '3.10.18', 'torch': '2.9.0.dev20250810+cu128', 'pykeen': '1.11.1', 'numpy': '1.26.4', 'device': 'cuda', 'device_name': 'NVIDIA GeForce RTX 5070 Laptop GPU', 'cuda': '12.8', 'threads': 4, 'platform': 'Windows-10-10.0.26100-SP0'}"
D0,1,1,42,3.0,,20,200,9.177478399942629,45.887391999713145,22315.497904226097,0.10440539999399334,64,612.9951133148483,220,"{'requested_negatives': 14417920, 'accepted_negatives': 14417920, 'sampled_batches': 220, 'num_negatives_per_positive': 64, 'actual_positive_instances': 225280, 'all_negatives_accepted': True}",10.223716099979356,"{'tensor_elements': 8229402, 'trainable_tensor_elements': 8229402, 'real_scalar_parameters': 8229402, 'trainable_real_scalar_parameters': 8229402}","{'loss_class': 'NSSALoss', 'expected_margin_gamma': 3.0, 'actual_runtime_margin_gamma': 3.0, 'pass': True}",0.4161378175020218,1174227968,1430257664,False,throtate_repro.model.THRotatE,"{'python': '3.10.18', 'torch': '2.9.0.dev20250810+cu128', 'pykeen': '1.11.1', 'numpy': '1.26.4', 'device': 'cuda', 'device_name': 'NVIDIA GeForce RTX 5070 Laptop GPU', 'cuda': '12.8', 'threads': 4, 'platform': 'Windows-10-10.0.26100-SP0'}"
D2,1,2,42,3.0,0.15,20,200,8.852788199903443,44.26394099951722,23133.954566114407,0.1278172000311315,64,500.7150836069949,220,"{'requested_negatives': 14417920, 'accepted_negatives': 14417920, 'sampled_batches': 220, 'num_negatives_per_positive': 64, 'actual_positive_instances': 225280, 'all_negatives_accepted': True}",9.893378800014034,"{'tensor_elements': 8243386, 'trainable_tensor_elements': 8243012, 'real_scalar_parameters': 8243386, 'trainable_real_scalar_parameters': 8243012}","{'loss_class': 'NSSALoss', 'expected_margin_gamma': 3.0, 'actual_runtime_margin_gamma': 3.0, 'pass': True}",0.48318336308002474,1174461952,1451229184,True,throtate_repro.bounded_adaptive_v26.BoundedAdaptiveTHRotatE,"{'python': '3.10.18', 'torch': '2.9.0.dev20250810+cu128', 'pykeen': '1.11.1', 'numpy': '1.26.4', 'device': 'cuda', 'device_name': 'NVIDIA GeForce RTX 5070 Laptop GPU', 'cuda': '12.8', 'threads': 4, 'platform': 'Windows-10-10.0.26100-SP0'}"
D1,2,0,42,3.0,,20,200,8.560105399927124,42.80052699963562,23924.939055276533,0.10142700001597404,64,630.9956913831667,220,"{'requested_negatives': 14417920, 'accepted_negatives': 14417920, 'sampled_batches': 220, 'num_negatives_per_positive': 64, 'actual_positive_instances': 225280, 'all_negatives_accepted': True}",9.588307600002736,"{'tensor_elements': 8243002, 'trainable_tensor_elements': 8243002, 'real_scalar_parameters': 8243002, 'trainable_real_scalar_parameters': 8243002}","{'loss_class': 'NSSALoss', 'expected_margin_gamma': 3.0, 'actual_runtime_margin_gamma': 3.0, 'pass': True}",0.4850079894065857,1174392320,1451229184,True,throtate_repro.model.THRotatE,"{'python': '3.10.18', 'torch': '2.9.0.dev20250810+cu128', 'pykeen': '1.11.1', 'numpy': '1.26.4', 'device': 'cuda', 'device_name': 'NVIDIA GeForce RTX 5070 Laptop GPU', 'cuda': '12.8', 'threads': 4, 'platform': 'Windows-10-10.0.26100-SP0'}"
D0,2,1,42,3.0,,20,200,9.135121100000106,45.67560550000053,22418.96935553461,0.10863320005591959,64,589.1384951106625,220,"{'requested_negatives': 14417920, 'accepted_negatives': 14417920, 'sampled_batches': 220, 'num_negatives_per_positive': 64, 'actual_positive_instances': 225280, 'all_negatives_accepted': True}",10.192492999951355,"{'tensor_elements': 8229402, 'trainable_tensor_elements': 8229402, 'real_scalar_parameters': 8229402, 'trainable_real_scalar_parameters': 8229402}","{'loss_class': 'NSSALoss', 'expected_margin_gamma': 3.0, 'actual_runtime_margin_gamma': 3.0, 'pass': True}",0.4161378175020218,1174227968,1430257664,False,throtate_repro.model.THRotatE,"{'python': '3.10.18', 'torch': '2.9.0.dev20250810+cu128', 'pykeen': '1.11.1', 'numpy': '1.26.4', 'device': 'cuda', 'device_name': 'NVIDIA GeForce RTX 5070 Laptop GPU', 'cuda': '12.8', 'threads': 4, 'platform': 'Windows-10-10.0.26100-SP0'}"
D2,2,2,42,3.0,0.15,20,200,8.880812499905005,44.404062499525025,23060.953038045864,0.11631439998745918,64,550.2328173201287,220,"{'requested_negatives': 14417920, 'accepted_negatives': 14417920, 'sampled_batches': 220, 'num_negatives_per_positive': 64, 'actual_positive_instances': 225280, 'all_negatives_accepted': True}",9.916120299953036,"{'tensor_elements': 8243386, 'trainable_tensor_elements': 8243012, 'real_scalar_parameters': 8243386, 'trainable_real_scalar_parameters': 8243012}","{'loss_class': 'NSSALoss', 'expected_margin_gamma': 3.0, 'actual_runtime_margin_gamma': 3.0, 'pass': True}",0.48318336308002474,1174461952,1451229184,True,throtate_repro.bounded_adaptive_v26.BoundedAdaptiveTHRotatE,"{'python': '3.10.18', 'torch': '2.9.0.dev20250810+cu128', 'pykeen': '1.11.1', 'numpy': '1.26.4', 'device': 'cuda', 'device_name': 'NVIDIA GeForce RTX 5070 Laptop GPU', 'cuda': '12.8', 'threads': 4, 'platform': 'Windows-10-10.0.26100-SP0'}"
D1,3,0,42,3.0,,20,200,8.565027600037865,42.82513800018933,23911.18973149539,0.10983569989912212,64,582.6885070954196,220,"{'requested_negatives': 14417920, 'accepted_negatives': 14417920, 'sampled_batches': 220, 'num_negatives_per_positive': 64, 'actual_positive_instances': 225280, 'all_negatives_accepted': True}",9.57085660006851,"{'tensor_elements': 8243002, 'trainable_tensor_elements': 8243002, 'real_scalar_parameters': 8243002, 'trainable_real_scalar_parameters': 8243002}","{'loss_class': 'NSSALoss', 'expected_margin_gamma': 3.0, 'actual_runtime_margin_gamma': 3.0, 'pass': True}",0.4850079894065857,1174392320,1451229184,True,throtate_repro.model.THRotatE,"{'python': '3.10.18', 'torch': '2.9.0.dev20250810+cu128', 'pykeen': '1.11.1', 'numpy': '1.26.4', 'device': 'cuda', 'device_name': 'NVIDIA GeForce RTX 5070 Laptop GPU', 'cuda': '12.8', 'threads': 4, 'platform': 'Windows-10-10.0.26100-SP0'}"
D0,3,1,42,3.0,,20,200,9.08972409996204,45.448620499810204,22530.936885186125,0.13258289999794215,64,482.7168511247933,220,"{'requested_negatives': 14417920, 'accepted_negatives': 14417920, 'sampled_batches': 220, 'num_negatives_per_positive': 64, 'actual_positive_instances': 225280, 'all_negatives_accepted': True}",10.146992799942382,"{'tensor_elements': 8229402, 'trainable_tensor_elements': 8229402, 'real_scalar_parameters': 8229402, 'trainable_real_scalar_parameters': 8229402}","{'loss_class': 'NSSALoss', 'expected_margin_gamma': 3.0, 'actual_runtime_margin_gamma': 3.0, 'pass': True}",0.4161378175020218,1174227968,1430257664,False,throtate_repro.model.THRotatE,"{'python': '3.10.18', 'torch': '2.9.0.dev20250810+cu128', 'pykeen': '1.11.1', 'numpy': '1.26.4', 'device': 'cuda', 'device_name': 'NVIDIA GeForce RTX 5070 Laptop GPU', 'cuda': '12.8', 'threads': 4, 'platform': 'Windows-10-10.0.26100-SP0'}"
D2,3,2,42,3.0,0.15,20,200,8.86235409998335,44.31177049991675,23108.984101682956,0.12744109996128827,64,502.1927778357276,220,"{'requested_negatives': 14417920, 'accepted_negatives': 14417920, 'sampled_batches': 220, 'num_negatives_per_positive': 64, 'actual_positive_instances': 225280, 'all_negatives_accepted': True}",9.914019200019538,"{'tensor_elements': 8243386, 'trainable_tensor_elements': 8243012, 'real_scalar_parameters': 8243386, 'trainable_real_scalar_parameters': 8243012}","{'loss_class': 'NSSALoss', 'expected_margin_gamma': 3.0, 'actual_runtime_margin_gamma': 3.0, 'pass': True}",0.48318336308002474,1174461952,1451229184,True,throtate_repro.bounded_adaptive_v26.BoundedAdaptiveTHRotatE,"{'python': '3.10.18', 'torch': '2.9.0.dev20250810+cu128', 'pykeen': '1.11.1', 'numpy': '1.26.4', 'device': 'cuda', 'device_name': 'NVIDIA GeForce RTX 5070 Laptop GPU', 'cuda': '12.8', 'threads': 4, 'platform': 'Windows-10-10.0.26100-SP0'}"
D2,4,0,42,3.0,0.15,20,200,8.882540399907157,44.412701999535784,23056.467044286186,0.12837129994295537,64,498.55380469341526,220,"{'requested_negatives': 14417920, 'accepted_negatives': 14417920, 'sampled_batches': 220, 'num_negatives_per_positive': 64, 'actual_positive_instances': 225280, 'all_negatives_accepted': True}",9.92488039995078,"{'tensor_elements': 8243386, 'trainable_tensor_elements': 8243012, 'real_scalar_parameters': 8243386, 'trainable_real_scalar_parameters': 8243012}","{'loss_class': 'NSSALoss', 'expected_margin_gamma': 3.0, 'actual_runtime_margin_gamma': 3.0, 'pass': True}",0.48318336308002474,1174461952,1451229184,True,throtate_repro.bounded_adaptive_v26.BoundedAdaptiveTHRotatE,"{'python': '3.10.18', 'torch': '2.9.0.dev20250810+cu128', 'pykeen': '1.11.1', 'numpy': '1.26.4', 'device': 'cuda', 'device_name': 'NVIDIA GeForce RTX 5070 Laptop GPU', 'cuda': '12.8', 'threads': 4, 'platform': 'Windows-10-10.0.26100-SP0'}"
D0,4,1,42,3.0,,20,200,9.106686600018293,45.53343300009146,22488.969808139507,0.14304019999690354,64,447.42666747799177,220,"{'requested_negatives': 14417920, 'accepted_negatives': 14417920, 'sampled_batches': 220, 'num_negatives_per_positive': 64, 'actual_positive_instances': 225280, 'all_negatives_accepted': True}",10.151973299914971,"{'tensor_elements': 8229402, 'trainable_tensor_elements': 8229402, 'real_scalar_parameters': 8229402, 'trainable_real_scalar_parameters': 8229402}","{'loss_class': 'NSSALoss', 'expected_margin_gamma': 3.0, 'actual_runtime_margin_gamma': 3.0, 'pass': True}",0.4161378175020218,1174227968,1430257664,False,throtate_repro.model.THRotatE,"{'python': '3.10.18', 'torch': '2.9.0.dev20250810+cu128', 'pykeen': '1.11.1', 'numpy': '1.26.4', 'device': 'cuda', 'device_name': 'NVIDIA GeForce RTX 5070 Laptop GPU', 'cuda': '12.8', 'threads': 4, 'platform': 'Windows-10-10.0.26100-SP0'}"
D1,4,2,42,3.0,,20,200,8.543102800031193,42.71551400015596,23972.554795811684,0.13024119997862726,64,491.395963877041,220,"{'requested_negatives': 14417920, 'accepted_negatives': 14417920, 'sampled_batches': 220, 'num_negatives_per_positive': 64, 'actual_positive_instances': 225280, 'all_negatives_accepted': True}",9.56420469994191,"{'tensor_elements': 8243002, 'trainable_tensor_elements': 8243002, 'real_scalar_parameters': 8243002, 'trainable_real_scalar_parameters': 8243002}","{'loss_class': 'NSSALoss', 'expected_margin_gamma': 3.0, 'actual_runtime_margin_gamma': 3.0, 'pass': True}",0.4850079894065857,1174392320,1451229184,True,throtate_repro.model.THRotatE,"{'python': '3.10.18', 'torch': '2.9.0.dev20250810+cu128', 'pykeen': '1.11.1', 'numpy': '1.26.4', 'device': 'cuda', 'device_name': 'NVIDIA GeForce RTX 5070 Laptop GPU', 'cuda': '12.8', 'threads': 4, 'platform': 'Windows-10-10.0.26100-SP0'}"
