split_seed,model,n_training_seeds,mrr,mrr_within_split_std,mr,mr_within_split_std,hits_at_1,hits_at_1_within_split_std,hits_at_3,hits_at_3_within_split_std,hits_at_10,hits_at_10_within_split_std
2026091401,D0,3,0.5751255948096471,0.004386681911512502,288.9465939153439,8.759600797211988,0.5059523809523809,0.00633290939226372,0.6010251322751322,0.005917834050321831,0.7321428571428572,0.006448412698412731
2026091401,D1,3,0.5729202129986949,0.000514059563244797,258.8950066137566,11.54598286147348,0.5006613756613757,0.001877945881547703,0.6010251322751322,0.004130289681480407,0.7394179894179894,0.003978574542167964
2026091401,A0,3,0.5753495111736077,0.005369009445980129,253.32423941798945,5.1653494938455955,0.503637566137566,0.007261968007935738,0.6058201058201058,0.004159968791471321,0.7333002645502645,0.003722992807274423
2026091401,D2,3,0.5743821574652851,0.0009146153921264554,228.64533730158732,9.698172103414304,0.5018187830687831,0.0007577010077638598,0.603505291005291,0.0020651448407402037,0.7392526455026456,0.004276626043775634
2026091402,D0,3,0.566626815613028,0.0023554358295708607,251.0338955026455,4.5604741029843225,0.4889219576719577,0.003788505038819329,0.6043320105820106,0.0007577010077638597,0.7278439153439153,0.0015945189750318982
2026091402,D1,3,0.5703104540929846,0.003247333716236753,223.31737764550266,5.819426297385885,0.4880952380952381,0.0022731030232915794,0.6107804232804234,0.00413028968148047,0.7417328042328043,0.0029064807922035193
2026091402,A0,3,0.5660261978303168,0.0012152942524864857,209.0391865079365,5.0112138032720415,0.4869378306878307,0.0012483191857259794,0.6040013227513227,0.0007577010077638598,0.7318121693121693,0.0027319298349633347
2026091402,D2,3,0.5742386256509259,0.0007924811565247366,198.30125661375664,5.727799610429946,0.4930555555555556,0.0035769357891508014,0.6168981481481483,0.0027319298349633347,0.7422288359788359,0.0025454372219478505
2026091403,D0,3,0.5614095166802583,0.0012640798957959784,228.53141534391534,6.575185801464484,0.4806547619047619,0.0013123766423931455,0.5947420634920634,0.00347222222222221,0.7415674603174605,0.005034172403319536
2026091403,D1,3,0.5621344335467544,0.000734929840089423,205.39864417989418,5.951065198149307,0.47420634920634913,6.798699777552591e-17,0.6044973544973544,0.004582144993568442,0.7511574074074074,0.0015154020155277194
2026091403,A0,3,0.5599446273225298,0.0005605728832992413,192.82101521164023,7.52194253587309,0.47883597883597884,0.0005727681241960552,0.5927579365079365,0.0024801587301587213,0.7407407407407408,0.0027319298349633347
2026091403,D2,3,0.5662818950289426,0.0005995859188155009,178.47222222222226,3.990020467041306,0.48197751322751325,0.004130289681480407,0.6063161375661376,0.005727681241960617,0.7501653439153438,0.0029064807922035193
2026091404,D0,3,0.5759336983874954,0.001482805793955099,268.697585978836,10.85306963894143,0.5036375661375662,0.001742006242204481,0.6084656084656085,0.0027319298349633885,0.724867724867725,0.005303907054347018
2026091404,D1,3,0.5709678717129041,0.0010351313168916717,248.93816137566137,2.4171211330447884,0.49107142857142855,0.004408826595890684,0.6086309523809523,0.005249506569572644,0.7414021164021164,0.001877945881547703
2026091404,A0,3,0.5753504492580636,0.0018361068792699703,230.8354001322751,7.945299037134292,0.50380291005291,0.0029064807922035193,0.6051587301587301,0.0025774565588822487,0.7331349206349206,0.0021621522537404697
2026091404,D2,3,0.5745998120636823,0.0030041880944198097,221.395419973545,11.36493714457186,0.4947089947089947,0.0024468664991647965,0.6147486772486772,0.007261968007935788,0.7407407407407408,0.0037885050388192986
2026091405,D0,3,0.5584261299346398,0.003035473793563644,291.5078460521969,5.973133032506873,0.4810042946812025,0.0045776037200366765,0.5972910472414932,0.00421451959767862,0.7221671622068054,0.0007569500652388156
2026091405,D1,3,0.5580358792027061,0.002031768935668887,277.89643211100105,8.645266497091875,0.4748926329699372,0.002444441458035789,0.6004294681202511,0.0032994688396825725,0.7365378262305914,0.004496418100038376
2026091405,A0,3,0.5609135656372127,0.00500768152692386,251.6802940204823,6.342480436203434,0.4841427155599603,0.004727151642303981,0.5977865873802445,0.007455093555597505,0.7261314833168152,0.0012470820012010385
2026091405,D2,3,0.5610586565917579,0.0008294637019858548,228.20597951767425,9.555091374277591,0.4793524942186984,0.0029036002364134453,0.6015857284440039,0.002270850195716495,0.7381896266930955,0.003224185876435915
