model,seed,mrr,mr,hits_at_1,hits_at_3,hits_at_10,train_seconds,parameters_real
D2,42,0.5534575992720133,191.6966765873016,0.4697420634920635,0.6011904761904762,0.7321428571428571,246.96257169998717,8243012
D2_noShrinkage,42,0.5523073513316387,190.26661706349208,0.46825396825396826,0.5997023809523809,0.7296626984126984,132.44824939989485,8243012
D2,43,0.557881292501625,198.20833333333334,0.47767857142857145,0.5962301587301587,0.7366071428571429,246.85273239994422,8243012
D2_noShrinkage,43,0.5566278974101581,196.48015873015873,0.47668650793650796,0.595734126984127,0.7371031746031746,132.51905900007114,8243012
D2,44,0.553849358175194,192.34722222222223,0.46875,0.597718253968254,0.7336309523809523,136.41228470008355,8243012
D2_noShrinkage,44,0.5539831379363824,190.78794642857142,0.4697420634920635,0.5987103174603174,0.7341269841269841,132.30940629995894,8243012
D2,45,0.5595566770027064,189.78348214285714,0.4771825396825397,0.6046626984126984,0.7331349206349206,134.8109641999472,8243012
D2_noShrinkage,45,0.5582902403336079,187.5687003968254,0.47619047619047616,0.6026785714285714,0.7321428571428571,132.38374719989952,8243012
D2,46,0.5593435693230849,183.99677579365078,0.47767857142857145,0.6016865079365079,0.7361111111111112,134.40796350000892,8243012
D2_noShrinkage,46,0.5590658617826899,182.1329365079365,0.4781746031746032,0.5997023809523809,0.7366071428571429,132.37381540006027,8243012
D2,47,0.5532914506383751,194.2718253968254,0.4662698412698413,0.6001984126984127,0.7316468253968254,132.37780209991615,8243012
D2_noShrinkage,47,0.553642077977433,192.4126984126984,0.46726190476190477,0.6016865079365079,0.7296626984126984,132.42318010004237,8243012
D2,48,0.5608700050174713,199.42559523809524,0.47966269841269843,0.6036706349206349,0.7385912698412699,134.4404279999435,8243012
D2_noShrinkage,48,0.560702693377636,197.6341765873016,0.4801587301587302,0.6046626984126984,0.7380952380952381,132.3256394000491,8243012
D2,49,0.5609709737257383,202.62772817460316,0.48115079365079366,0.6011904761904762,0.7351190476190477,134.28112800000235,8243012
D2_noShrinkage,49,0.5591647011018464,201.31150793650792,0.4781746031746032,0.6001984126984127,0.7351190476190477,132.38569189992268,8243012
D2,50,0.5559227844090429,212.46031746031747,0.47371031746031744,0.5987103174603174,0.7281746031746031,134.4035987999523,8243012
D2_noShrinkage,50,0.5560315632726225,211.05009920634922,0.4751984126984127,0.5972222222222222,0.7296626984126984,132.44971039996017,8243012
D2,51,0.55345691261288,204.56845238095238,0.4732142857142857,0.5967261904761905,0.7301587301587301,134.25434750004206,8243012
D2_noShrinkage,51,0.554177009815868,203.44345238095238,0.4751984126984127,0.5942460317460317,0.7296626984126984,132.48808989999816,8243012
