model,seed,mrr,mr,hits_at_1,hits_at_3,hits_at_10
TransH,42,0.30494990944862366,272.03204345703125,0.23852876911871815,0.3237436270939548,0.4504734158776402
TransH,43,0.3043738305568695,273.2341613769531,0.2381646030589949,0.3197378004369993,0.44464675892206845
TransH,44,0.30408087372779846,274.00872802734375,0.23634377276037874,0.32811361981063364,0.443918426802622
TransH,45,0.3104967176914215,267.85723876953125,0.24399126001456664,0.3332119446467589,0.4475600873998543
TransH,46,0.3158339858055115,262.4064025878906,0.25054624908958484,0.33794610342316095,0.45229424617625635
RotatE,42,0.31509602069854736,594.519287109375,0.2541879096868172,0.3375819373634377,0.4300801165331391
RotatE,43,0.31191444396972656,607.437744140625,0.24945375091041516,0.33685360524399127,0.43117261471230883
RotatE,44,0.3202415704727173,604.5653686523438,0.25819373634377274,0.34340859431900944,0.43882010196649673
RotatE,45,0.30064722895622253,611.62890625,0.2337946103423161,0.3310269482884195,0.41769847050254916
RotatE,46,0.3108925223350525,582.8668823242188,0.24726875455207575,0.3339402767662054,0.4297159504734159
D0,42,0.30743879079818726,263.9033203125,0.24471959213401312,0.3237436270939548,0.44246176256372904
D0,43,0.30035319924354553,276.74981689453125,0.2337946103423161,0.31500364166059724,0.4457392571012382
D0,44,0.31401753425598145,257.48944091796875,0.2490895848506919,0.3310269482884195,0.44901675163874727
D0,45,0.31803545355796814,263.6791687011719,0.25309541150764747,0.3415877640203933,0.45193008011653313
D0,46,0.3065798282623291,276.81463623046875,0.24508375819373635,0.3219227967953387,0.44319009468317555
D1,42,0.3166902959346771,246.95448303222656,0.24945375091041516,0.3390386016023307,0.4581209031318281
D1,43,0.31678226590156555,255.1959228515625,0.2479970866715222,0.33648943918426805,0.4559359067734887
D1,44,0.31158196926116943,254.9757843017578,0.24581209031318282,0.32665695557174074,0.45666423889293517
D1,45,0.3089825212955475,252.47633361816406,0.23889293517844137,0.32811361981063364,0.4559359067734887
D1,46,0.3139977753162384,250.14930725097656,0.24872541879096868,0.34013109978150036,0.44100509832483614
D2,42,0.3152347207069397,243.83338928222656,0.24763292061179898,0.3332119446467589,0.45520757465404227
D2,43,0.3227090537548065,250.92388916015625,0.2574654042243263,0.3445010924981792,0.46249089584850694
D2,44,0.31359565258026123,242.71995544433594,0.24326292789512016,0.33867443554260745,0.45666423889293517
D2,45,0.31480228900909424,252.7975311279297,0.2469045884923525,0.33612527312454477,0.4573925710123816
D2,46,0.32002726197242737,245.91879272460938,0.25491624180626365,0.3390386016023307,0.44901675163874727
