entity_type,chinese_name,definition,boundary_note,node_count
TrainModel,动车组车型,表示规程适用的动车组车型或车型变体。,用于刻画车型适用范围；不将普通部件或作业方案归入该类。,6
Component,部件或设备,表示检修对象中的系统、设备、组件或子部件。,实体可参与组成、故障、检测、限度等关系；故障状态本身不归入该类。,2260
FailureMode,故障模式,表示部件可能出现的异常、缺陷或失效模式。,与可观察症状 Symptom 和原因 FaultCause 分开建模。,2087
Symptom,故障症状,表示可观察、可测量或可描述的故障表征。,用于描述现象，不等同于故障模式或故障原因。,12
FaultCause,故障原因,表示可能导致故障模式的原因性因素。,仅表达原因角色，不作为故障现象或处置规则。,6
Standard,标准或技术限度,表示检修判定依据、技术限值、尺寸/温度/次数等标准。,与 ConditionRule 区分：Standard 表示判定标准，ConditionRule 表示其适用条件。,1624
ConditionRule,条件或约束规则,表示标准、作业或处置适用时的条件约束。,用于表达区间、状态、适用条件等，不与 Standard 合并。,1214
DispositionRule,处置规则,表示满足特定标准或条件后需要采取的处置要求。,与具体 ProcessPlan 区分：该类强调规则性处置要求。,1221
ProcessPlan,检修或检测方案,表示可执行的检修、检测或处置方案。,可包含多个 ProcessStep，也可作为检测或修复关系的目标。,611
ProcessStep,工艺步骤,表示检修/检测方案内部的具体作业步骤。,用于步骤包含、先后顺序与资源依赖。,2324
ToolMaterial,工具与材料,表示工艺执行所需工具、设备或材料。,通过 REQUIRES 与方案或步骤关联。,291
DocumentSource,文档来源,表示知识来源文档。,仅用于证据溯源层 P3，不参与 R14 链接预测。,1
DocumentChunk,文档片段,表示来源文档中的章节、条款或片段级证据单元。,用于证据溯源，不直接参与 R14 推理关系训练。,2039
