relation,head_type,tail_type,training_triples
HAS_FAILURE,Component,FailureMode,1896
DETECTED_BY,FailureMode,ProcessPlan,1446
DETECTED_BY,Component,ProcessPlan,245
LIMITED_BY,FailureMode,Standard,1333
LIMITED_BY,Component,Standard,144
FIXED_BY,FailureMode,ProcessPlan,1288
FIXED_BY,FailureMode,DispositionRule,54
CAUSED_BY,FailureMode,FaultCause,21
HAS_SYMPTOM,FailureMode,Symptom,34
INDICATES,Symptom,FailureMode,34
APPLIES_UNDER,Standard,ConditionRule,1214
HAS_DISPOSITION,Standard,DispositionRule,1313
APPLIES_TO,TrainModel,Component,52
HAS_PART,Component,Component,1941
HAS_STEP,ProcessPlan,ProcessStep,2065
REQUIRES,ProcessStep,ToolMaterial,744
REQUIRES,ProcessPlan,ToolMaterial,82
NEXT_STEP,ProcessStep,ProcessStep,1507
