relation,head_type,tail_type,triple_count,basis
APPLIES_TO,TrainModel,Component,58,observed_in_full17
HAS_PART,Component,Component,2205,observed_in_full17
HAS_FAILURE,Component,FailureMode,2154,observed_in_full17
HAS_SYMPTOM,FailureMode,Symptom,38,observed_in_full17
INDICATES,Symptom,FailureMode,38,observed_in_full17
CAUSED_BY,FailureMode,FaultCause,25,observed_in_full17
LIMITED_BY,FailureMode,Standard,1524,observed_in_full17
LIMITED_BY,Component,Standard,155,observed_in_full17
APPLIES_UNDER,Standard,ConditionRule,1299,observed_in_full17
HAS_DISPOSITION,Standard,DispositionRule,1491,observed_in_full17
FIXED_BY,FailureMode,ProcessPlan,1460,observed_in_full17
FIXED_BY,FailureMode,DispositionRule,64,observed_in_full17
DETECTED_BY,FailureMode,ProcessPlan,1642,observed_in_full17
DETECTED_BY,Component,ProcessPlan,279,observed_in_full17
HAS_STEP,ProcessPlan,ProcessStep,2347,observed_in_full17
NEXT_STEP,ProcessStep,ProcessStep,1713,observed_in_full17
REQUIRES,ProcessStep,ToolMaterial,847,observed_in_full17
REQUIRES,ProcessPlan,ToolMaterial,91,observed_in_full17
EVIDENCED_BY,FailureMode,DocumentChunk,2157,observed_in_full17
EVIDENCED_BY,Standard,DocumentChunk,1689,observed_in_full17
EVIDENCED_BY,ProcessPlan,DocumentChunk,1447,observed_in_full17
HAS_CHUNK,DocumentSource,DocumentChunk,18,observed_in_full17
HAS_SUBCHUNK,DocumentChunk,DocumentChunk,2027,observed_in_full17
