relation,chinese_name,definition,functional_group,layer,triples_full17,observed_type_signatures
APPLIES_TO,适用于,表示车型对部件/对象的适用关系。,diagnostic_semantic,R14,58,TrainModel->Component (58)
HAS_PART,包含部件或组成,表示部件/对象之间的组成层级关系。,procedural_structural,R14,2205,Component->Component (2205)
HAS_FAILURE,具有故障模式,表示部件可能具有某类故障或缺陷模式。,diagnostic_semantic,R14,2154,Component->FailureMode (2154)
HAS_SYMPTOM,具有故障症状,表示故障模式具有某种可观察症状。,diagnostic_semantic,R14,38,FailureMode->Symptom (38)
INDICATES,指示或表征,表示症状对故障模式的指示关系。,diagnostic_semantic,R14,38,Symptom->FailureMode (38)
CAUSED_BY,由……导致,表示故障模式与原因因素之间的因果指向。,diagnostic_semantic,R14,25,FailureMode->FaultCause (25)
LIMITED_BY,受标准或限度约束,表示对象或故障受某项技术标准/限度约束。,diagnostic_semantic,R14,1679,FailureMode->Standard (1524); Component->Standard (155)
APPLIES_UNDER,适用于特定条件,表示标准在特定条件规则下适用。,diagnostic_semantic,R14,1299,Standard->ConditionRule (1299)
HAS_DISPOSITION,具有处置规则,表示技术标准对应的处置要求。,diagnostic_semantic,R14,1491,Standard->DispositionRule (1491)
FIXED_BY,由检修或处置方案解决,表示故障模式由某检修方案或处置规则处理。,diagnostic_semantic,R14,1524,FailureMode->ProcessPlan (1460); FailureMode->DispositionRule (64)
DETECTED_BY,通过检测方法发现,表示部件或故障模式通过某检测/检修方案进行识别。,diagnostic_semantic,R14,1921,FailureMode->ProcessPlan (1642); Component->ProcessPlan (279)
HAS_STEP,包含检修步骤,表示检修/检测方案包含具体工艺步骤。,procedural_structural,R14,2347,ProcessPlan->ProcessStep (2347)
NEXT_STEP,下一工艺步骤,表示当前工艺步骤到下一工艺步骤的顺序关系。,procedural_structural,R14,1713,ProcessStep->ProcessStep (1713)
REQUIRES,需要工具、材料或条件,表示方案或步骤需要的工具/材料资源。,procedural_structural,R14,938,ProcessStep->ToolMaterial (847); ProcessPlan->ToolMaterial (91)
EVIDENCED_BY,由文档证据支持,表示知识实体/方案/标准与来源文档片段之间的证据关联。,provenance_document,P3,5293,FailureMode->DocumentChunk (2157); Standard->DocumentChunk (1689); ProcessPlan->DocumentChunk (1447)
HAS_CHUNK,包含文档片段,表示文档来源包含章节级文档片段。,provenance_document,P3,18,DocumentSource->DocumentChunk (18)
HAS_SUBCHUNK,包含子文档片段,表示文档片段的层级包含关系。,provenance_document,P3,2027,DocumentChunk->DocumentChunk (2027)
